{
	"credit": "bat",
	"texture_size": [32, 32],
	"textures": {
		"0": "minecraft:item/Wooden_sword",
		"particle": ""
	},
	"elements": [
		{
			"from": [6.75, 3, 6.70711],
			"to": [9.25, 4, 9.20711],
			"rotation": {"angle": 0, "axis": "y", "origin": [9, 4, 8]},
			"faces": {
				"north": {"uv": [7.5, 8, 9, 8.5], "texture": "#0"},
				"east": {"uv": [7.5, 8.5, 9, 9], "texture": "#0"},
				"south": {"uv": [9, 2, 10.5, 2.5], "texture": "#0"},
				"west": {"uv": [9, 2.5, 10.5, 3], "texture": "#0"},
				"up": {"uv": [6.5, 9.5, 5, 8], "texture": "#0"},
				"down": {"uv": [9.5, 5.5, 8, 7], "texture": "#0"}
			}
		},
		{
			"from": [7, 4, 7],
			"to": [9, 11, 9],
			"rotation": {"angle": 0, "axis": "y", "origin": [0, 2, 0]},
			"faces": {
				"north": {"uv": [2, 8, 3, 11.5], "texture": "#0"},
				"east": {"uv": [8, 2, 9, 5.5], "texture": "#0"},
				"south": {"uv": [3, 8, 4, 11.5], "texture": "#0"},
				"west": {"uv": [4, 8, 5, 11.5], "texture": "#0"},
				"up": {"uv": [7.5, 9, 6.5, 8], "texture": "#0"},
				"down": {"uv": [9, 7, 8, 8], "texture": "#0"}
			}
		},
		{
			"from": [6, 10, 6],
			"to": [10, 26, 10],
			"rotation": {"angle": -45, "axis": "y", "origin": [8, 9, 8]},
			"faces": {
				"north": {"uv": [0, 0, 2, 8], "texture": "#0"},
				"east": {"uv": [2, 0, 4, 8], "texture": "#0"},
				"south": {"uv": [4, 0, 6, 8], "texture": "#0"},
				"west": {"uv": [6, 0, 8, 8], "texture": "#0"},
				"up": {"uv": [2, 10, 0, 8], "texture": "#0"},
				"down": {"uv": [10, 0, 8, 2], "texture": "#0"}
			}
		}
	],
	"display": {
		"firstperson_righthand": {
			"rotation": [44, 25, 0]
		},
		"firstperson_lefthand": {
			"rotation": [44, 0, 0]
		},
		"ground": {
			"rotation": [-46, 0, 0],
			"translation": [0, 0, 3.5],
			"scale": [0.9, 0.9, 0.9]
		},
		"head": {
			"rotation": [-39, 0, 0],
			"translation": [0, 7.5, 5.25]
		},
		"fixed": {
			"rotation": [0, 0, -50],
			"translation": [-4.75, -4.25, 0],
			"scale": [0.9, 0.9, 0.9]
		}
	},
	"groups": [
		{
			"name": "group",
			"origin": [8, 7, 8],
			"color": 0,
			"children": [0, 1, 2]
		}
	]
}