{
	"credit": "Made with Blockbench",
	"textures": {
		"0": "item/wooden_sword",
		"particle": "item/wooden_sword"
	},
	"elements": [
		{
			"from": [6, 6, 6.5],
			"to": [10, 7, 9.5],
			"faces": {
				"north": {"uv": [0, 15, 2, 16], "texture": "#0"},
				"east": {"uv": [2, 15.5, 3.5, 16], "texture": "#0"},
				"south": {"uv": [0, 15, 2, 16], "texture": "#0"},
				"west": {"uv": [2, 15.5, 3.5, 16], "texture": "#0"},
				"up": {"uv": [0, 14, 2, 15.5], "texture": "#0"},
				"down": {"uv": [0, 14, 2, 15.5], "texture": "#0"}
			}
		},
		{
			"from": [7, 1, 7.5],
			"to": [9, 6, 8.5],
			"faces": {
				"north": {"uv": [5, 12.5, 6, 15], "texture": "#0"},
				"east": {"uv": [5, 12.5, 5.5, 15], "texture": "#0"},
				"south": {"uv": [6, 12.5, 5, 15], "texture": "#0"},
				"west": {"uv": [5.5, 12.5, 6, 15], "texture": "#0"},
				"up": {"uv": [5.5, 15.5, 6.5, 16], "texture": "#0"},
				"down": {"uv": [5.5, 15.5, 6.5, 16], "texture": "#0"}
			}
		},
		{
			"from": [6.5, 7, 7.8],
			"to": [9.5, 17, 8.3],
			"faces": {
				"north": {"uv": [1.5, 9.5, 0, 14], "texture": "#0"},
				"east": {"uv": [1, 9.5, 1.5, 14], "texture": "#0"},
				"south": {"uv": [0, 9.5, 1.5, 14], "texture": "#0"},
				"west": {"uv": [0, 9.5, 0.5, 13.5], "texture": "#0"},
				"up": {"uv": [0, 9, 0.5, 9.5], "texture": "#0"}
			}
		},
		{
			"from": [7.5, 17, 7.8],
			"to": [9.5, 18, 8.3],
			"faces": {
				"north": {"uv": [1.5, 8.5, 0.5, 9], "texture": "#0"},
				"east": {"uv": [1.5, 8.5, 0.5, 9], "texture": "#0"},
				"south": {"uv": [1.5, 8.5, 0.5, 9], "texture": "#0"},
				"west": {"uv": [1.5, 8.5, 0.5, 9], "texture": "#0"},
				"up": {"uv": [1.5, 8.5, 0.5, 9], "texture": "#0"},
				"down": {"uv": [1.5, 8.5, 0.5, 9], "texture": "#0"}
			}
		}
	],
	"gui_light": "front",
	"display": {
		"thirdperson_righthand": {
			"rotation": [0, -90, 0],
			"translation": [0, 2.25, 1.25]
		},
		"thirdperson_lefthand": {
			"rotation": [0, 90, 0],
			"translation": [0, 2.25, 1.25]
		},
		"firstperson_righthand": {
			"rotation": [23, -101, 0],
			"translation": [5.75, 0.5, -5.25]
		},
		"firstperson_lefthand": {
			"rotation": [23, 101, 0],
			"translation": [5.75, 0.5, -5.25]
		},
		"ground": {
			"rotation": [-90, 0, 0],
			"translation": [0, -2, 1.25]
		},
		"gui": {
			"rotation": [0, 0, -45],
			"translation": [-1.5, -1, 0]
		},
		"head": {
			"rotation": [-90, 0, 0]
		},
		"fixed": {
			"rotation": [0, -180, -45],
			"translation": [0.75, -1.5, -0.25]
		}
	}
}