{
	"credit": "Made with Blockbench",
	"textures": {
		"2": "item/netherite_scythe"
	},
	"elements": [
		{
			"name": "diamond_sword[1]_0",
			"from": [6.5, 0, 0],
			"to": [8.5, 0.5, 3],
			"faces": {
				"north": {"uv": [9.5, 0, 7.5, 0.5], "texture": "#2"},
				"east": {"uv": [9, 0, 9.5, 3], "rotation": 90, "texture": "#2"},
				"south": {"uv": [7.5, 2.5, 9.5, 3], "texture": "#2"},
				"west": {"uv": [7.5, 0, 8, 3], "rotation": 270, "texture": "#2"},
				"up": {"uv": [7.5, 0, 9.5, 3], "texture": "#2"},
				"down": {"uv": [7.5, 3, 9.5, 0], "texture": "#2"}
			}
		},
		{
			"name": "diamond_sword[1]_1",
			"from": [5, 0, 0.5],
			"to": [6.5, 0.5, 2.5],
			"faces": {
				"north": {"uv": [7.5, 0.5, 6, 1], "texture": "#2"},
				"east": {"uv": [7, 0.5, 7.5, 2.5], "rotation": 90, "texture": "#2"},
				"south": {"uv": [6, 2, 7.5, 2.5], "texture": "#2"},
				"west": {"uv": [6, 0.5, 6.5, 2.5], "rotation": 270, "texture": "#2"},
				"up": {"uv": [6, 0.5, 7.5, 2.5], "texture": "#2"},
				"down": {"uv": [6, 2.5, 7.5, 0.5], "texture": "#2"}
			}
		},
		{
			"name": "diamond_sword[1]_2",
			"from": [8.5, 0, 0.5],
			"to": [10, 0.5, 3.5],
			"faces": {
				"north": {"uv": [11, 0.5, 9.5, 1], "texture": "#2"},
				"east": {"uv": [10.5, 0.5, 11, 3.5], "rotation": 90, "texture": "#2"},
				"south": {"uv": [9.5, 3, 11, 3.5], "texture": "#2"},
				"west": {"uv": [9.5, 0.5, 10, 3.5], "rotation": 270, "texture": "#2"},
				"up": {"uv": [9.5, 0.5, 11, 3.5], "texture": "#2"},
				"down": {"uv": [9.5, 3.5, 11, 0.5], "texture": "#2"}
			}
		},
		{
			"name": "diamond_sword[1]_3",
			"from": [4, 0, 1],
			"to": [5, 0.5, 2.5],
			"faces": {
				"north": {"uv": [6, 1, 5, 1.5], "texture": "#2"},
				"east": {"uv": [5.5, 1, 6, 2.5], "rotation": 90, "texture": "#2"},
				"south": {"uv": [5, 2, 6, 2.5], "texture": "#2"},
				"west": {"uv": [5, 1, 5.5, 2.5], "rotation": 270, "texture": "#2"},
				"up": {"uv": [5, 1, 6, 2.5], "texture": "#2"},
				"down": {"uv": [5, 2.5, 6, 1], "texture": "#2"}
			}
		},
		{
			"name": "diamond_sword[1]_4",
			"from": [10, 0, 1],
			"to": [11, 0.5, 7],
			"faces": {
				"north": {"uv": [12, 1, 11, 1.5], "texture": "#2"},
				"east": {"uv": [11.5, 1, 12, 7], "rotation": 90, "texture": "#2"},
				"south": {"uv": [11, 6.5, 12, 7], "texture": "#2"},
				"west": {"uv": [11, 1, 11.5, 7], "rotation": 270, "texture": "#2"},
				"up": {"uv": [11, 1, 12, 7], "texture": "#2"},
				"down": {"uv": [11, 7, 12, 1], "texture": "#2"}
			}
		},
		{
			"name": "diamond_sword[1]_5",
			"from": [3.5, 0, 1.5],
			"to": [4, 0.5, 3],
			"faces": {
				"north": {"uv": [5, 1.5, 4.5, 2], "texture": "#2"},
				"east": {"uv": [4.5, 1.5, 5, 3], "rotation": 90, "texture": "#2"},
				"south": {"uv": [4.5, 2.5, 5, 3], "texture": "#2"},
				"west": {"uv": [4.5, 1.5, 5, 3], "rotation": 270, "texture": "#2"},
				"up": {"uv": [4.5, 1.5, 5, 3], "texture": "#2"},
				"down": {"uv": [4.5, 3, 5, 1.5], "texture": "#2"}
			}
		},
		{
			"name": "diamond_sword[1]_6",
			"from": [11, 0, 1.5],
			"to": [11.5, 0.5, 7.5],
			"faces": {
				"north": {"uv": [12.5, 1.5, 12, 2], "texture": "#2"},
				"east": {"uv": [12, 1.5, 12.5, 7.5], "rotation": 90, "texture": "#2"},
				"south": {"uv": [12, 7, 12.5, 7.5], "texture": "#2"},
				"west": {"uv": [12, 1.5, 12.5, 7.5], "rotation": 270, "texture": "#2"},
				"up": {"uv": [12, 1.5, 12.5, 7.5], "texture": "#2"},
				"down": {"uv": [12, 7.5, 12.5, 1.5], "texture": "#2"}
			}
		},
		{
			"name": "diamond_sword[1]_7",
			"from": [3, 0, 2],
			"to": [3.5, 0.5, 3.5],
			"faces": {
				"north": {"uv": [4.5, 2, 4, 2.5], "texture": "#2"},
				"east": {"uv": [4, 2, 4.5, 3.5], "rotation": 90, "texture": "#2"},
				"south": {"uv": [4, 3, 4.5, 3.5], "texture": "#2"},
				"west": {"uv": [4, 2, 4.5, 3.5], "rotation": 270, "texture": "#2"},
				"up": {"uv": [4, 2, 4.5, 3.5], "texture": "#2"},
				"down": {"uv": [4, 3.5, 4.5, 2], "texture": "#2"}
			}
		},
		{
			"name": "diamond_sword[1]_8",
			"from": [11.5, 0, 2],
			"to": [12, 0.5, 6],
			"faces": {
				"north": {"uv": [13, 2, 12.5, 2.5], "texture": "#2"},
				"east": {"uv": [12.5, 2, 13, 6], "rotation": 90, "texture": "#2"},
				"south": {"uv": [12.5, 5.5, 13, 6], "texture": "#2"},
				"west": {"uv": [12.5, 2, 13, 6], "rotation": 270, "texture": "#2"},
				"up": {"uv": [12.5, 2, 13, 6], "texture": "#2"},
				"down": {"uv": [12.5, 6, 13, 2], "texture": "#2"}
			}
		},
		{
			"name": "diamond_sword[1]_9",
			"from": [12.5, 0, 2],
			"to": [13.5, 0.5, 6.5],
			"faces": {
				"north": {"uv": [14.5, 2, 13.5, 2.5], "texture": "#2"},
				"east": {"uv": [14, 2, 14.5, 6.5], "rotation": 90, "texture": "#2"},
				"south": {"uv": [13.5, 6, 14.5, 6.5], "texture": "#2"},
				"west": {"uv": [13.5, 2, 14, 6.5], "rotation": 270, "texture": "#2"},
				"up": {"uv": [13.5, 2, 14.5, 6.5], "texture": "#2"},
				"down": {"uv": [13.5, 6.5, 14.5, 2], "texture": "#2"}
			}
		},
		{
			"name": "diamond_sword[1]_10",
			"from": [2.5, 0, 2.5],
			"to": [3, 0.5, 4],
			"faces": {
				"north": {"uv": [4, 2.5, 3.5, 3], "texture": "#2"},
				"east": {"uv": [3.5, 2.5, 4, 4], "rotation": 90, "texture": "#2"},
				"south": {"uv": [3.5, 3.5, 4, 4], "texture": "#2"},
				"west": {"uv": [3.5, 2.5, 4, 4], "rotation": 270, "texture": "#2"},
				"up": {"uv": [3.5, 2.5, 4, 4], "texture": "#2"},
				"down": {"uv": [3.5, 4, 4, 2.5], "texture": "#2"}
			}
		},
		{
			"name": "diamond_sword[1]_11",
			"from": [4, 0, 2.5],
			"to": [4.5, 0.5, 3],
			"faces": {
				"north": {"uv": [5.5, 2.5, 5, 3], "texture": "#2"},
				"east": {"uv": [5, 2.5, 5.5, 3], "rotation": 90, "texture": "#2"},
				"south": {"uv": [5, 2.5, 5.5, 3], "texture": "#2"},
				"west": {"uv": [5, 2.5, 5.5, 3], "rotation": 270, "texture": "#2"},
				"up": {"uv": [5, 2.5, 5.5, 3], "texture": "#2"},
				"down": {"uv": [5, 3, 5.5, 2.5], "texture": "#2"}
			}
		},
		{
			"name": "diamond_sword[1]_12",
			"from": [12, 0, 2.5],
			"to": [12.5, 0.5, 6],
			"faces": {
				"north": {"uv": [13.5, 2.5, 13, 3], "texture": "#2"},
				"east": {"uv": [13, 2.5, 13.5, 6], "rotation": 90, "texture": "#2"},
				"south": {"uv": [13, 5.5, 13.5, 6], "texture": "#2"},
				"west": {"uv": [13, 2.5, 13.5, 6], "rotation": 270, "texture": "#2"},
				"up": {"uv": [13, 2.5, 13.5, 6], "texture": "#2"},
				"down": {"uv": [13, 6, 13.5, 2.5], "texture": "#2"}
			}
		},
		{
			"name": "diamond_sword[1]_13",
			"from": [13.5, 0, 2.5],
			"to": [14, 0.5, 4.5],
			"faces": {
				"north": {"uv": [15, 2.5, 14.5, 3], "texture": "#2"},
				"east": {"uv": [14.5, 2.5, 15, 4.5], "rotation": 90, "texture": "#2"},
				"south": {"uv": [14.5, 4, 15, 4.5], "texture": "#2"},
				"west": {"uv": [14.5, 2.5, 15, 4.5], "rotation": 270, "texture": "#2"},
				"up": {"uv": [14.5, 2.5, 15, 4.5], "texture": "#2"},
				"down": {"uv": [14.5, 4.5, 15, 2.5], "texture": "#2"}
			}
		},
		{
			"name": "diamond_sword[1]_14",
			"from": [8, 0, 3],
			"to": [8.5, 0.5, 3.5],
			"faces": {
				"north": {"uv": [9.5, 3, 9, 3.5], "texture": "#2"},
				"east": {"uv": [9, 3, 9.5, 3.5], "rotation": 90, "texture": "#2"},
				"south": {"uv": [9, 3, 9.5, 3.5], "texture": "#2"},
				"west": {"uv": [9, 3, 9.5, 3.5], "rotation": 270, "texture": "#2"},
				"up": {"uv": [9, 3, 9.5, 3.5], "texture": "#2"},
				"down": {"uv": [9, 3.5, 9.5, 3], "texture": "#2"}
			}
		},
		{
			"name": "diamond_sword[1]_15",
			"from": [14, 0, 3],
			"to": [14.5, 0.5, 4],
			"faces": {
				"north": {"uv": [15.5, 3, 15, 3.5], "texture": "#2"},
				"east": {"uv": [15, 3, 15.5, 4], "rotation": 90, "texture": "#2"},
				"south": {"uv": [15, 3.5, 15.5, 4], "texture": "#2"},
				"west": {"uv": [15, 3, 15.5, 4], "rotation": 270, "texture": "#2"},
				"up": {"uv": [15, 3, 15.5, 4], "texture": "#2"},
				"down": {"uv": [15, 4, 15.5, 3], "texture": "#2"}
			}
		},
		{
			"name": "diamond_sword[1]_16",
			"from": [9, 0, 3.5],
			"to": [10, 0.5, 4],
			"faces": {
				"north": {"uv": [11, 3.5, 10, 4], "texture": "#2"},
				"east": {"uv": [10.5, 3.5, 11, 4], "rotation": 90, "texture": "#2"},
				"south": {"uv": [10, 3.5, 11, 4], "texture": "#2"},
				"west": {"uv": [10, 3.5, 10.5, 4], "rotation": 270, "texture": "#2"},
				"up": {"uv": [10, 3.5, 11, 4], "texture": "#2"},
				"down": {"uv": [10, 4, 11, 3.5], "texture": "#2"}
			}
		},
		{
			"name": "diamond_sword[1]_17",
			"from": [9.5, 0, 4],
			"to": [10, 0.5, 4.5],
			"faces": {
				"north": {"uv": [11, 4, 10.5, 4.5], "texture": "#2"},
				"east": {"uv": [10.5, 4, 11, 4.5], "rotation": 90, "texture": "#2"},
				"south": {"uv": [10.5, 4, 11, 4.5], "texture": "#2"},
				"west": {"uv": [10.5, 4, 11, 4.5], "rotation": 270, "texture": "#2"},
				"up": {"uv": [10.5, 4, 11, 4.5], "texture": "#2"},
				"down": {"uv": [10.5, 4.5, 11, 4], "texture": "#2"}
			}
		},
		{
			"name": "diamond_sword[1]_18",
			"from": [13.5, 0, 5],
			"to": [14, 0.5, 6.5],
			"faces": {
				"north": {"uv": [15, 5, 14.5, 5.5], "texture": "#2"},
				"east": {"uv": [14.5, 5, 15, 6.5], "rotation": 90, "texture": "#2"},
				"south": {"uv": [14.5, 6, 15, 6.5], "texture": "#2"},
				"west": {"uv": [14.5, 5, 15, 6.5], "rotation": 270, "texture": "#2"},
				"up": {"uv": [14.5, 5, 15, 6.5], "texture": "#2"},
				"down": {"uv": [14.5, 6.5, 15, 5], "texture": "#2"}
			}
		},
		{
			"name": "diamond_sword[1]_19",
			"from": [9.5, 0, 5.5],
			"to": [10, 0.5, 7],
			"faces": {
				"north": {"uv": [11, 5.5, 10.5, 6], "texture": "#2"},
				"east": {"uv": [10.5, 5.5, 11, 7], "rotation": 90, "texture": "#2"},
				"south": {"uv": [10.5, 6.5, 11, 7], "texture": "#2"},
				"west": {"uv": [10.5, 5.5, 11, 7], "rotation": 270, "texture": "#2"},
				"up": {"uv": [10.5, 5.5, 11, 7], "texture": "#2"},
				"down": {"uv": [10.5, 7, 11, 5.5], "texture": "#2"}
			}
		},
		{
			"name": "diamond_sword[1]_20",
			"from": [14, 0, 5.5],
			"to": [14.5, 0.5, 7],
			"faces": {
				"north": {"uv": [15.5, 5.5, 15, 6], "texture": "#2"},
				"east": {"uv": [15, 5.5, 15.5, 7], "rotation": 90, "texture": "#2"},
				"south": {"uv": [15, 6.5, 15.5, 7], "texture": "#2"},
				"west": {"uv": [15, 5.5, 15.5, 7], "rotation": 270, "texture": "#2"},
				"up": {"uv": [15, 5.5, 15.5, 7], "texture": "#2"},
				"down": {"uv": [15, 7, 15.5, 5.5], "texture": "#2"}
			}
		},
		{
			"name": "diamond_sword[1]_21",
			"from": [9, 0, 6],
			"to": [9.5, 0.5, 7.5],
			"faces": {
				"north": {"uv": [10.5, 6, 10, 6.5], "texture": "#2"},
				"east": {"uv": [10, 6, 10.5, 7.5], "rotation": 90, "texture": "#2"},
				"south": {"uv": [10, 7, 10.5, 7.5], "texture": "#2"},
				"west": {"uv": [10, 6, 10.5, 7.5], "rotation": 270, "texture": "#2"},
				"up": {"uv": [10, 6, 10.5, 7.5], "texture": "#2"},
				"down": {"uv": [10, 7.5, 10.5, 6], "texture": "#2"}
			}
		},
		{
			"name": "diamond_sword[1]_22",
			"from": [14.5, 0, 6],
			"to": [15, 0.5, 7],
			"faces": {
				"north": {"uv": [16, 6, 15.5, 6.5], "texture": "#2"},
				"east": {"uv": [15.5, 6, 16, 7], "rotation": 90, "texture": "#2"},
				"south": {"uv": [15.5, 6.5, 16, 7], "texture": "#2"},
				"west": {"uv": [15.5, 6, 16, 7], "rotation": 270, "texture": "#2"},
				"up": {"uv": [15.5, 6, 16, 7], "texture": "#2"},
				"down": {"uv": [15.5, 7, 16, 6], "texture": "#2"}
			}
		},
		{
			"name": "diamond_sword[1]_23",
			"from": [8.5, 0, 6.5],
			"to": [9, 0.5, 8.5],
			"faces": {
				"north": {"uv": [10, 6.5, 9.5, 7], "texture": "#2"},
				"east": {"uv": [9.5, 6.5, 10, 8.5], "rotation": 90, "texture": "#2"},
				"south": {"uv": [9.5, 8, 10, 8.5], "texture": "#2"},
				"west": {"uv": [9.5, 6.5, 10, 8.5], "rotation": 270, "texture": "#2"},
				"up": {"uv": [9.5, 6.5, 10, 8.5], "texture": "#2"},
				"down": {"uv": [9.5, 8.5, 10, 6.5], "texture": "#2"}
			}
		},
		{
			"name": "diamond_sword[1]_24",
			"from": [11.5, 0, 6.5],
			"to": [12, 0.5, 8],
			"faces": {
				"north": {"uv": [13, 6.5, 12.5, 7], "texture": "#2"},
				"east": {"uv": [12.5, 6.5, 13, 8], "rotation": 90, "texture": "#2"},
				"south": {"uv": [12.5, 7.5, 13, 8], "texture": "#2"},
				"west": {"uv": [12.5, 6.5, 13, 8], "rotation": 270, "texture": "#2"},
				"up": {"uv": [12.5, 6.5, 13, 8], "texture": "#2"},
				"down": {"uv": [12.5, 8, 13, 6.5], "texture": "#2"}
			}
		},
		{
			"name": "diamond_sword[1]_25",
			"from": [7.5, 0, 7],
			"to": [8.5, 0.5, 9],
			"faces": {
				"north": {"uv": [9.5, 7, 8.5, 7.5], "texture": "#2"},
				"east": {"uv": [9, 7, 9.5, 9], "rotation": 90, "texture": "#2"},
				"south": {"uv": [8.5, 8.5, 9.5, 9], "texture": "#2"},
				"west": {"uv": [8.5, 7, 9, 9], "rotation": 270, "texture": "#2"},
				"up": {"uv": [8.5, 7, 9.5, 9], "texture": "#2"},
				"down": {"uv": [8.5, 9, 9.5, 7], "texture": "#2"}
			}
		},
		{
			"name": "diamond_sword[1]_26",
			"from": [10.5, 0, 7],
			"to": [11, 0.5, 7.5],
			"faces": {
				"north": {"uv": [12, 7, 11.5, 7.5], "texture": "#2"},
				"east": {"uv": [11.5, 7, 12, 7.5], "rotation": 90, "texture": "#2"},
				"south": {"uv": [11.5, 7, 12, 7.5], "texture": "#2"},
				"west": {"uv": [11.5, 7, 12, 7.5], "rotation": 270, "texture": "#2"},
				"up": {"uv": [11.5, 7, 12, 7.5], "texture": "#2"},
				"down": {"uv": [11.5, 7.5, 12, 7], "texture": "#2"}
			}
		},
		{
			"name": "diamond_sword[1]_27",
			"from": [12, 0, 7],
			"to": [12.5, 0.5, 8],
			"faces": {
				"north": {"uv": [13.5, 7, 13, 7.5], "texture": "#2"},
				"east": {"uv": [13, 7, 13.5, 8], "rotation": 90, "texture": "#2"},
				"south": {"uv": [13, 7.5, 13.5, 8], "texture": "#2"},
				"west": {"uv": [13, 7, 13.5, 8], "rotation": 270, "texture": "#2"},
				"up": {"uv": [13, 7, 13.5, 8], "texture": "#2"},
				"down": {"uv": [13, 8, 13.5, 7], "texture": "#2"}
			}
		},
		{
			"name": "diamond_sword[1]_28",
			"from": [7, 0, 7.5],
			"to": [7.5, 0.5, 9.5],
			"faces": {
				"north": {"uv": [8.5, 7.5, 8, 8], "texture": "#2"},
				"east": {"uv": [8, 7.5, 8.5, 9.5], "rotation": 90, "texture": "#2"},
				"south": {"uv": [8, 9, 8.5, 9.5], "texture": "#2"},
				"west": {"uv": [8, 7.5, 8.5, 9.5], "rotation": 270, "texture": "#2"},
				"up": {"uv": [8, 7.5, 8.5, 9.5], "texture": "#2"},
				"down": {"uv": [8, 9.5, 8.5, 7.5], "texture": "#2"}
			}
		},
		{
			"name": "diamond_sword[1]_29",
			"from": [6.5, 0, 8.5],
			"to": [7, 0.5, 10],
			"faces": {
				"north": {"uv": [8, 8.5, 7.5, 9], "texture": "#2"},
				"east": {"uv": [7.5, 8.5, 8, 10], "rotation": 90, "texture": "#2"},
				"south": {"uv": [7.5, 9.5, 8, 10], "texture": "#2"},
				"west": {"uv": [7.5, 8.5, 8, 10], "rotation": 270, "texture": "#2"},
				"up": {"uv": [7.5, 8.5, 8, 10], "texture": "#2"},
				"down": {"uv": [7.5, 10, 8, 8.5], "texture": "#2"}
			}
		},
		{
			"name": "diamond_sword[1]_30",
			"from": [6, 0, 9],
			"to": [6.5, 0.5, 10.5],
			"faces": {
				"north": {"uv": [7.5, 9, 7, 9.5], "texture": "#2"},
				"east": {"uv": [7, 9, 7.5, 10.5], "rotation": 90, "texture": "#2"},
				"south": {"uv": [7, 10, 7.5, 10.5], "texture": "#2"},
				"west": {"uv": [7, 9, 7.5, 10.5], "rotation": 270, "texture": "#2"},
				"up": {"uv": [7, 9, 7.5, 10.5], "texture": "#2"},
				"down": {"uv": [7, 10.5, 7.5, 9], "texture": "#2"}
			}
		},
		{
			"name": "diamond_sword[1]_31",
			"from": [5.5, 0, 9.5],
			"to": [6, 0.5, 11],
			"faces": {
				"north": {"uv": [7, 9.5, 6.5, 10], "texture": "#2"},
				"east": {"uv": [6.5, 9.5, 7, 11], "rotation": 90, "texture": "#2"},
				"south": {"uv": [6.5, 10.5, 7, 11], "texture": "#2"},
				"west": {"uv": [6.5, 9.5, 7, 11], "rotation": 270, "texture": "#2"},
				"up": {"uv": [6.5, 9.5, 7, 11], "texture": "#2"},
				"down": {"uv": [6.5, 11, 7, 9.5], "texture": "#2"}
			}
		},
		{
			"name": "diamond_sword[1]_32",
			"from": [5, 0, 10],
			"to": [5.5, 0.5, 11.5],
			"faces": {
				"north": {"uv": [6.5, 10, 6, 10.5], "texture": "#2"},
				"east": {"uv": [6, 10, 6.5, 11.5], "rotation": 90, "texture": "#2"},
				"south": {"uv": [6, 11, 6.5, 11.5], "texture": "#2"},
				"west": {"uv": [6, 10, 6.5, 11.5], "rotation": 270, "texture": "#2"},
				"up": {"uv": [6, 10, 6.5, 11.5], "texture": "#2"},
				"down": {"uv": [6, 11.5, 6.5, 10], "texture": "#2"}
			}
		},
		{
			"name": "diamond_sword[1]_33",
			"from": [4.5, 0, 10.5],
			"to": [5, 0.5, 12],
			"faces": {
				"north": {"uv": [6, 10.5, 5.5, 11], "texture": "#2"},
				"east": {"uv": [5.5, 10.5, 6, 12], "rotation": 90, "texture": "#2"},
				"south": {"uv": [5.5, 11.5, 6, 12], "texture": "#2"},
				"west": {"uv": [5.5, 10.5, 6, 12], "rotation": 270, "texture": "#2"},
				"up": {"uv": [5.5, 10.5, 6, 12], "texture": "#2"},
				"down": {"uv": [5.5, 12, 6, 10.5], "texture": "#2"}
			}
		},
		{
			"name": "diamond_sword[1]_34",
			"from": [4, 0, 11],
			"to": [4.5, 0.5, 12.5],
			"faces": {
				"north": {"uv": [5.5, 11, 5, 11.5], "texture": "#2"},
				"east": {"uv": [5, 11, 5.5, 12.5], "rotation": 90, "texture": "#2"},
				"south": {"uv": [5, 12, 5.5, 12.5], "texture": "#2"},
				"west": {"uv": [5, 11, 5.5, 12.5], "rotation": 270, "texture": "#2"},
				"up": {"uv": [5, 11, 5.5, 12.5], "texture": "#2"},
				"down": {"uv": [5, 12.5, 5.5, 11], "texture": "#2"}
			}
		},
		{
			"name": "diamond_sword[1]_35",
			"from": [3.5, 0, 11.5],
			"to": [4, 0.5, 13],
			"faces": {
				"north": {"uv": [5, 11.5, 4.5, 12], "texture": "#2"},
				"east": {"uv": [4.5, 11.5, 5, 13], "rotation": 90, "texture": "#2"},
				"south": {"uv": [4.5, 12.5, 5, 13], "texture": "#2"},
				"west": {"uv": [4.5, 11.5, 5, 13], "rotation": 270, "texture": "#2"},
				"up": {"uv": [4.5, 11.5, 5, 13], "texture": "#2"},
				"down": {"uv": [4.5, 13, 5, 11.5], "texture": "#2"}
			}
		},
		{
			"name": "diamond_sword[1]_36",
			"from": [3, 0, 12],
			"to": [3.5, 0.5, 13.5],
			"faces": {
				"north": {"uv": [4.5, 12, 4, 12.5], "texture": "#2"},
				"east": {"uv": [4, 12, 4.5, 13.5], "rotation": 90, "texture": "#2"},
				"south": {"uv": [4, 13, 4.5, 13.5], "texture": "#2"},
				"west": {"uv": [4, 12, 4.5, 13.5], "rotation": 270, "texture": "#2"},
				"up": {"uv": [4, 12, 4.5, 13.5], "texture": "#2"},
				"down": {"uv": [4, 13.5, 4.5, 12], "texture": "#2"}
			}
		},
		{
			"name": "diamond_sword[1]_37",
			"from": [2.5, 0, 12.5],
			"to": [3, 0.5, 14],
			"faces": {
				"north": {"uv": [4, 12.5, 3.5, 13], "texture": "#2"},
				"east": {"uv": [3.5, 12.5, 4, 14], "rotation": 90, "texture": "#2"},
				"south": {"uv": [3.5, 13.5, 4, 14], "texture": "#2"},
				"west": {"uv": [3.5, 12.5, 4, 14], "rotation": 270, "texture": "#2"},
				"up": {"uv": [3.5, 12.5, 4, 14], "texture": "#2"},
				"down": {"uv": [3.5, 14, 4, 12.5], "texture": "#2"}
			}
		},
		{
			"name": "diamond_sword[1]_38",
			"from": [2, 0, 13],
			"to": [2.5, 0.5, 15],
			"faces": {
				"north": {"uv": [3.5, 13, 3, 13.5], "texture": "#2"},
				"east": {"uv": [3, 13, 3.5, 15], "rotation": 90, "texture": "#2"},
				"south": {"uv": [3, 14.5, 3.5, 15], "texture": "#2"},
				"west": {"uv": [3, 13, 3.5, 15], "rotation": 270, "texture": "#2"},
				"up": {"uv": [3, 13, 3.5, 15], "texture": "#2"},
				"down": {"uv": [3, 15, 3.5, 13], "texture": "#2"}
			}
		},
		{
			"name": "diamond_sword[1]_39",
			"from": [1, 0, 13.5],
			"to": [2, 0.5, 16],
			"faces": {
				"north": {"uv": [3, 13.5, 2, 14], "texture": "#2"},
				"east": {"uv": [2.5, 13.5, 3, 16], "rotation": 90, "texture": "#2"},
				"south": {"uv": [2, 15.5, 3, 16], "texture": "#2"},
				"west": {"uv": [2, 13.5, 2.5, 16], "rotation": 270, "texture": "#2"},
				"up": {"uv": [2, 13.5, 3, 16], "texture": "#2"},
				"down": {"uv": [2, 16, 3, 13.5], "texture": "#2"}
			}
		},
		{
			"name": "diamond_sword[1]_40",
			"from": [0, 0, 14],
			"to": [1, 0.5, 16],
			"faces": {
				"north": {"uv": [2, 14, 1, 14.5], "texture": "#2"},
				"east": {"uv": [1.5, 14, 2, 16], "rotation": 90, "texture": "#2"},
				"south": {"uv": [1, 15.5, 2, 16], "texture": "#2"},
				"west": {"uv": [1, 14, 1.5, 16], "rotation": 270, "texture": "#2"},
				"up": {"uv": [1, 14, 2, 16], "texture": "#2"},
				"down": {"uv": [1, 16, 2, 14], "texture": "#2"}
			}
		}
	],
	"gui_light": "front",
	"display": {
		"thirdperson_righthand": {
			"rotation": [47, 0, 90],
			"translation": [-15.5, 11.5, 2.5],
			"scale": [2, 2, 2]
		},
		"thirdperson_lefthand": {
			"rotation": [-21, 0, 0],
			"translation": [-9, 7.75, 0],
			"scale": [2, 2, 2]
		},
		"firstperson_righthand": {
			"rotation": [29, 0, 90],
			"translation": [-11.75, 9, 0],
			"scale": [2, 2, 2]
		},
		"firstperson_lefthand": {
			"translation": [80, 80, 0]
		},
		"ground": {
			"translation": [0, 13.5, 0],
			"scale": [2, 2, 2]
		},
		"gui": {
			"rotation": [90, 0, 0],
			"translation": [0.5, 0, 0]
		},
		"head": {
			"translation": [0, 14.75, 0]
		},
		"fixed": {
			"rotation": [114, 0, -90],
			"translation": [33, -10.5, -25.75],
			"scale": [4, 4, 4]
		}
	},
	"groups": [
		{
			"name": "diamond_sword[1]",
			"origin": [0, 0, 0],
			"color": 0,
			"children": [0, 1, 2, 3, 4, 5, 6, 7, 8, 9, 10, 11, 12, 13, 14, 15, 16, 17, 18, 19, 20, 21, 22, 23, 24, 25, 26, 27, 28, 29, 30, 31, 32, 33, 34, 35, 36, 37, 38, 39, 40]
		}
	]
}